{
  "CAM_FRONT": {
    "intrinsic": [
      [
        1266.417203046554,
        0.0,
        816.2670197447984
      ],
      [
        0.0,
        1266.417203046554,
        491.50706579294757
      ],
      [
        0.0,
        0.0,
        1.0
      ]
    ],
    "translation": [
      1.70079118954,
      0.0159456324149,
      1.51095763913
    ],
    "rotation": [
      0.4998015430569128,
      -0.5030316162024876,
      0.4997798114386805,
      -0.49737083824542755
    ]
  },
  "LIDAR_TOP": {
    "translation": [
      0.943713,
      0.0,
      1.84023
    ],
    "rotation": [
      0.7077955119163518,
      -0.006492242056004365,
      0.010646214713995808,
      -0.7063073142877817
    ]
  }
}