{
  "CAM_FRONT": {
    "intrinsic": [
      [
        1252.8131021185304,
        0.0,
        826.588114781398
      ],
      [
        0.0,
        1252.8131021185304,
        469.9846626224581
      ],
      [
        0.0,
        0.0,
        1.0
      ]
    ],
    "translation": [
      1.72200568478,
      0.00475453292289,
      1.49491291905
    ],
    "rotation": [
      0.5077241387638071,
      -0.4973392230703816,
      0.49837167536166627,
      -0.4964832014373754
    ]
  },
  "LIDAR_TOP": {
    "translation": [
      0.985793,
      0.0,
      1.84019
    ],
    "rotation": [
      0.706749235646644,
      -0.015300993788500868,
      0.01739745181256607,
      -0.7070846669051719
    ]
  }
}